user_id,resource_id,rating
learner_001,16,4
learner_001,25,4
learner_001,32,4
learner_001,34,5
learner_001,35,4
learner_001,43,3
learner_002,6,3
learner_002,15,2
learner_002,17,4
learner_002,18,4
learner_002,20,4
learner_002,21,4
learner_002,50,5
learner_003,13,4
learner_003,26,2
learner_003,37,2
learner_003,48,5
learner_003,49,3
learner_003,50,4
learner_003,54,4
learner_003,55,4
learner_004,1,5
learner_004,2,5
learner_004,4,3
learner_004,18,3
learner_004,29,4
learner_004,44,4
learner_004,46,3
learner_004,47,4
learner_004,56,3
learner_004,58,4
learner_005,4,3
learner_005,8,2
learner_005,10,3
learner_005,17,4
learner_005,18,4
learner_005,19,5
learner_005,20,5
learner_005,21,4
learner_005,34,4
learner_005,35,4
learner_006,10,3
learner_006,12,3
learner_006,13,4
learner_006,14,4
learner_006,42,4
learner_007,7,3
learner_007,8,3
learner_007,10,3
learner_007,11,4
learner_007,16,3
learner_007,29,2
learner_007,30,3
learner_007,45,4
learner_007,46,4
learner_007,47,5
learner_007,56,4
learner_007,57,3
learner_007,58,3
learner_008,26,3
learner_008,31,1
learner_008,46,4
learner_008,48,4
learner_009,4,2
learner_009,16,2
learner_009,28,4
learner_009,29,4
learner_009,31,4
learner_009,33,4
learner_009,38,3
learner_010,3,3
learner_010,15,1
learner_010,16,2
learner_010,23,3
learner_010,26,3
learner_010,28,3
learner_010,38,3
learner_010,39,4
learner_010,40,3
learner_010,43,3
learner_010,54,4
learner_010,55,2
learner_011,1,4
learner_011,2,3
learner_011,4,3
learner_011,5,4
learner_011,6,4
learner_011,7,4
learner_011,27,1
learner_011,29,1
learner_011,30,2
learner_011,33,2
learner_011,35,2
learner_011,38,4
learner_011,39,4
learner_011,41,4
learner_011,42,4
learner_011,43,4
learner_011,53,2
learner_011,56,3
learner_011,58,4
learner_012,6,4
learner_012,25,2
learner_012,26,3
learner_012,32,5
learner_012,35,5
learner_012,37,3
learner_012,44,5
learner_012,45,3
learner_012,46,3
learner_012,48,4
learner_013,1,3
learner_013,2,3
learner_013,3,3
learner_013,4,4
learner_013,5,4
learner_013,6,5
learner_013,23,5
learner_013,25,4
learner_013,26,5
learner_013,54,2
learner_014,40,4
learner_014,41,3
learner_014,42,4
learner_014,51,5
learner_014,52,5
learner_014,53,4
learner_014,56,4
learner_015,10,4
learner_015,17,4
learner_015,18,4
learner_015,19,4
learner_015,20,5
learner_015,21,4
learner_015,35,2
learner_015,45,4
learner_015,47,4
learner_015,58,2
learner_016,22,3
learner_016,32,4
learner_016,52,2
learner_017,6,3
learner_017,28,3
learner_017,39,5
learner_017,40,4
learner_017,41,4
learner_017,42,4
learner_017,43,4
learner_017,44,3
learner_018,8,5
learner_018,9,5
learner_018,10,4
learner_018,11,4
learner_018,15,3
learner_018,23,3
learner_018,37,3
learner_018,46,5
learner_018,57,4
learner_018,58,5
learner_019,14,3
learner_019,52,4
learner_019,53,4
learner_020,1,4
learner_020,2,3
learner_020,3,4
learner_020,4,4
learner_020,7,5
learner_020,8,4
learner_020,40,3
learner_020,45,3
learner_020,46,5
learner_020,47,3
learner_021,1,3
learner_021,4,2
learner_021,7,3
learner_021,10,5
learner_021,16,5
learner_021,18,3
learner_021,19,3
learner_021,20,4
learner_021,44,4
learner_021,52,3
learner_021,53,2
learner_021,54,5
learner_021,55,4
learner_022,9,4
learner_022,10,4
learner_022,12,4
learner_022,14,3
learner_022,15,3
learner_022,24,2
learner_022,27,5
learner_022,31,3
learner_022,56,4
learner_022,57,5
learner_022,58,4
learner_023,2,4
learner_023,3,3
learner_023,4,4
learner_023,5,4
learner_023,7,4
learner_023,39,1
learner_024,2,3
learner_024,17,4
learner_024,18,3
learner_024,21,3
learner_024,23,4
learner_024,25,4
learner_024,55,4
learner_025,2,4
learner_025,10,4
learner_025,28,5
learner_025,29,4
learner_025,31,4
learner_025,33,3
learner_025,39,4
learner_025,40,5
learner_025,41,4
learner_025,43,3
learner_025,53,2
learner_025,57,3
learner_026,2,2
learner_026,9,4
learner_026,10,4
learner_026,12,3
learner_026,13,5
learner_026,14,4
learner_026,15,4
learner_026,45,4
learner_026,46,4
learner_026,47,5
learner_026,56,4
learner_026,57,5
learner_026,58,3
learner_027,22,3
learner_027,24,5
learner_027,26,5
learner_027,27,3
learner_027,28,3
learner_027,31,3
learner_027,54,3
learner_028,22,4
learner_028,26,4
learner_028,28,4
learner_028,36,3
learner_028,50,5
learner_028,52,3
learner_028,53,3
learner_029,9,4
learner_029,11,5
learner_029,15,5
learner_029,17,3
learner_029,18,4
learner_029,19,3
learner_029,20,4
learner_029,58,5
learner_030,4,3
learner_030,8,4
learner_030,9,5
learner_030,10,5
learner_030,11,4
learner_030,12,4
learner_030,13,4
learner_030,14,4
learner_030,15,4
learner_030,22,4
learner_030,29,2
learner_030,34,2
learner_030,41,4
learner_030,56,5
learner_030,57,5
learner_030,58,4
learner_031,9,5
learner_031,11,4
learner_031,12,5
learner_031,13,4
learner_031,26,4
learner_031,28,2
learner_031,31,2
learner_031,38,2
learner_031,52,3
learner_031,53,5
learner_031,57,4
learner_032,5,4
learner_032,32,4
learner_032,34,5
learner_032,36,4
learner_032,38,3
learner_033,1,5
learner_033,2,5
learner_033,3,5
learner_033,4,4
learner_033,6,4
learner_033,7,3
learner_033,15,2
learner_033,31,3
learner_033,47,3
learner_033,55,3
learner_034,6,2
learner_034,7,3
learner_034,29,2
learner_034,47,4
learner_034,48,4
learner_034,51,5
learner_034,54,4
learner_035,5,4
learner_035,26,3
learner_035,29,4
learner_035,34,4
learner_035,36,4
learner_035,37,5
learner_035,56,4
learner_036,4,2
learner_036,23,3
learner_036,32,3
learner_036,34,3
learner_036,36,5
learner_036,37,4
learner_036,47,3
learner_037,2,3
learner_037,9,3
learner_037,13,3
learner_037,23,4
learner_037,24,4
learner_037,25,4
learner_037,26,4
learner_037,36,5
learner_037,39,3
learner_037,40,4
learner_037,41,4
learner_037,42,4
learner_037,43,4
learner_037,53,3
learner_037,55,4
learner_038,1,5
learner_038,4,2
learner_038,13,1
learner_038,16,5
learner_038,17,4
learner_038,18,4
learner_038,33,2
learner_038,40,5
learner_038,41,3
learner_038,42,5
learner_039,48,5
learner_039,49,3
learner_039,50,4
learner_039,52,4
learner_039,57,3
learner_040,1,3
learner_040,4,4
learner_040,5,4
learner_040,6,5
learner_040,7,3
learner_040,12,2
learner_040,23,3
learner_040,41,4
learner_041,1,3
learner_041,3,3
learner_041,4,4
learner_041,5,5
learner_041,6,4
learner_041,7,4
learner_041,27,3
learner_041,34,4
learner_041,35,3
learner_041,43,2
learner_042,7,3
learner_042,16,5
learner_042,17,4
learner_042,18,4
learner_042,19,4
learner_042,20,4
learner_042,22,5
learner_042,24,2
learner_042,29,3
learner_042,35,4
learner_042,45,3
learner_042,46,4
learner_042,53,4
learner_043,3,2
learner_043,5,3
learner_043,7,1
learner_043,21,1
learner_043,38,3
learner_043,48,4
learner_043,49,4
learner_043,50,3
learner_044,2,2
learner_044,46,3
learner_044,51,5
learner_044,52,4
learner_045,8,4
learner_045,9,4
learner_045,10,4
learner_045,11,3
learner_045,12,3
learner_045,13,4
learner_045,15,3
learner_045,40,2
learner_045,58,3
learner_046,16,4
learner_046,19,3
learner_046,22,4
learner_046,23,5
learner_046,24,4
learner_046,27,3
learner_046,34,3
learner_046,38,4
learner_046,39,3
learner_046,40,4
learner_046,41,3
learner_046,47,4
learner_046,49,3
learner_046,54,4
learner_047,15,2
learner_047,25,3
learner_047,51,4
learner_047,52,4
learner_048,5,2
learner_048,8,4
learner_048,9,4
learner_048,12,5
learner_048,13,3
learner_048,22,3
learner_048,39,3
learner_048,44,2
learner_048,45,4
learner_048,52,2
learner_048,56,4
learner_049,6,2
learner_049,16,4
learner_049,19,4
learner_049,20,5
learner_049,21,3
learner_049,40,4
learner_049,44,4
learner_049,51,3
learner_049,52,3
learner_049,53,4
learner_049,57,2
learner_050,1,5
learner_050,2,5
learner_050,4,4
learner_050,7,3
learner_050,13,3
learner_050,17,5
learner_050,36,1
learner_050,39,2
learner_050,48,2
learner_050,53,3
learner_050,56,3
learner_051,16,5
learner_051,20,4
learner_051,31,3
learner_051,58,3
learner_052,45,5
learner_052,46,4
learner_053,11,3
learner_053,40,4
learner_053,44,5
learner_053,46,4
learner_054,2,3
learner_054,6,5
learner_054,7,4
learner_054,19,5
learner_054,29,2
learner_054,35,3
learner_054,41,3
learner_055,28,4
learner_055,29,2
learner_055,30,3
learner_055,37,2
learner_056,4,3
learner_056,11,2
learner_056,14,3
learner_056,22,4
learner_056,23,5
learner_056,24,4
learner_056,27,3
learner_056,28,4
learner_056,41,2
learner_056,48,3
learner_056,50,4
learner_057,1,4
learner_057,8,4
learner_057,9,5
learner_057,10,3
learner_057,11,5
learner_057,13,3
learner_057,19,2
learner_057,28,3
learner_057,29,4
learner_057,30,4
learner_057,33,4
learner_057,56,3
learner_057,57,3
learner_057,58,5
learner_058,16,4
learner_058,19,4
learner_058,40,3
learner_058,58,2
learner_059,8,5
learner_059,9,4
learner_059,10,4
learner_059,11,4
learner_059,12,5
learner_059,13,4
learner_059,15,4
learner_059,28,4
learner_059,29,5
learner_059,30,5
learner_059,31,4
learner_059,56,4
learner_059,58,5
learner_060,3,3
learner_060,28,5
learner_060,29,4
learner_060,31,4
